Teste,Modelo,Nota_Juiz,Justificacao
Teste A (Conversação),BF16,5,"Esta versão apresenta o desempenho mais elevado e consistente. A precisão factual é excelente em todos os domínios (nutrição, geologia, física, etc.). Do ponto de vista linguístico, o modelo demonstra um domínio total da norma pt-PT, utilizando corretamente termos como ""pequeno-almoço"", ""telemóvel"", ""comboio"" e ""frutos vermelhos"". A sintaxe é natural, evitando o uso de gerúndios brasileiros e mantendo a estrutura ""estou a [verbo]"". As respostas são completas e expandem a instrução de forma útil e educada."
Teste A (Conversação),Q8_0,5,"A quantização Q8_0 mantém quase integralmente a qualidade da versão BF16. Não foram detetadas alucinações ou erros factuais significativos. A qualidade linguística permanece estritamente fiel ao Português de Portugal, com fluidez e vocabulário adequado ao contexto geográfico (referências a ordens profissionais portuguesas e sites de emprego locais). A completude é total, cumprindo todos os requisitos das instruções."
Teste A (Conversação),Q5_K_M,5,"O modelo continua a apresentar um desempenho sólido. A precisão factual mantém-se elevada, e a distinção entre as variantes de português é respeitada com rigor. O vocabulário é rico e adequado (""estacionamento"", ""parque de estacionamento"", ""autocarro""). A coesão lógica entre as perguntas do utilizador e as respostas do assistente é mantida sem falhas percetíveis."
Teste A (Conversação),Q4_K_M,5,"Apesar da redução no tamanho do modelo, a qualidade em pt-PT é surpreendentemente preservada. O modelo evita termos brasileiros e mantém a precisão em temas complexos como a escala de tempo geológico e física. A estrutura das frases é elegante e a completude das respostas é satisfatória, fornecendo conselhos práticos e contextualmente relevantes para a realidade portuguesa."
Teste A (Conversação),Q3_K_M,4,"Nesta versão, nota-se uma ligeira simplificação na estrutura das frases, mas a precisão factual e a qualidade linguística pt-PT permanecem robustas. O modelo continua a usar corretamente as formas verbais e o vocabulário de Portugal. Não existem alucinações graves, embora a profundidade de algumas explicações seja ligeiramente inferior às versões de maior precisão. Cumpre bem a tarefa de conversação."
Teste A (Conversação),Q2_K,2,"Esta versão apresenta falhas graves em todos os eixos. Na Precisão, ocorrem alucinações factuais inaceitáveis: afirma que o deserto de ""Sonara"" (Sonora) fica na Austrália (fica na América do Norte) e confunde Éons com Eras na geologia. Na Qualidade Linguística, introduz termos exclusivos do Português do Brasil (pt-BR), como ""pães de sal"" (em pt-PT dir-se-ia ""carcaças"" ou ""pão de água"") e utiliza expressões menos naturais. A lógica de algumas respostas torna-se bizarra (ex: baleias que afundam navios como metáfora para predadores)."
Teste B (Tradução),BF16,5,"O desempenho é de excelência. O modelo demonstra uma compreensão profunda das nuances entre o inglês e o português de Portugal. As escolhas lexicais são precisas e naturais (ex: ""ribalta"" para spotlight, ""propalada"" para vaunted). A sintaxe respeita integralmente a norma europeia, utilizando corretamente a colocação pronominal e evitando gerundismos. Em textos jurídicos e técnicos, manteve o rigor terminológico necessário."
Teste B (Tradução),Q8_0,5,"A qualidade é praticamente indistinguível da versão BF16. O modelo mantém a fidelidade semântica e a fluidez em pt-PT. Consegue adaptar expressões idiomáticas com sucesso e mantém a estrutura correta de nomes de instituições e cargos (ex: ""Comissão Parlamentar de Inquérito""). Não foram detetadas influências da variante brasileira."
Teste B (Tradução),Q5_K_M,5,"O modelo continua a apresentar resultados muito sólidos. A equivalência semântica é mantida em quase todos os exemplos. Nota-se uma ligeira variação em termos de preferência vocabular face à referência, mas sempre dentro da norma de Portugal. A fluidez é elevada e a gramática está correta."
Teste B (Tradução),Q4_K_M,4,"O modelo apresenta um bom desempenho geral, mas começam a surgir pequenas falhas de precisão terminológica. No índice 13, utilizou o termo ""anchilosed"" (mantendo o radical inglês de forma incorreta) em vez de ""anquilosado"" ou ""estagnado"". No índice 20, houve uma pequena alucinação numérica (""Artigo 5.º"" em vez de ""7.º""). Contudo, a linguagem permanece puramente pt-PT e a maioria das traduções é funcional e correta."
Teste B (Tradução),Q3_K_M,3,"Observa-se uma degradação visível na precisão e na coesão. No índice 38, a frase perdeu clareza sintática. No índice 43, traduziu ""beep"" como ""alfaia"", o que é um erro semântico grave de contexto. Embora o vocabulário base ainda seja o português de Portugal, a capacidade de lidar com estruturas complexas ou termos técnicos diminuiu significativamente."
Teste B (Tradução),Q2_K,1,"O desempenho é muito fraco e inadequado para utilização. O modelo apresenta falhas graves: deixa termos em inglês sem traduzir (índices 0 e 21), alucina nomes próprios (índice 4), comete erros ortográficos (""arguada"", ""ozone"") e erros semânticos perigosos (traduzir ""moral damage"" como ""danos mortais"" no índice 18). No índice 14, gerou uma sequência de caracteres repetitivos e sem sentido (""CAMPÂÂÂÂNÂÂ""). A qualidade linguística é inconsistente e a precisão é nula em vários pontos."
Teste C (Reescrita),BF16,5,"O modelo apresenta um desempenho excecional. Cumpre rigorosamente todas as instruções de reescrita, demonstrando uma capacidade notável de transitar entre o tom formal/profissional e o amigável/acessível. A retenção de informação é total e não existem alucinações. Linguisticamente, o texto é 100% pt-PT, com uso correto de vocabulário (""pequeno-almoço"", ""telemóvel"", ""slides"") e sintaxe europeia. A fluidez é natural e elegante."
Teste C (Reescrita),Q8_0,5,"A quantização Q8_0 mantém a integridade da versão original. O modelo consegue sintetizar textos de forma concisa sem perder o núcleo da mensagem e suaviza mensagens originalmente agressivas com grande eficácia. A qualidade linguística permanece impecável, sem qualquer influência da variante brasileira ou erros gramaticais."
Teste C (Reescrita),Q5_K_M,5,"O desempenho continua a ser de alta qualidade. O modelo demonstra uma compreensão profunda das nuances de registo. Na reescrita profissional, utiliza fórmulas de cortesia adequadas em Portugal (""Espero que esta mensagem a encontre bem""). Na reescrita amigável, consegue ser empático sem ser excessivamente informal. A precisão factual é mantida em todos os exemplos analisados."
Teste C (Reescrita),Q4_K_M,5,"Surpreendentemente, mesmo com esta compressão, o modelo preserva a qualidade do pt-PT. Não foram detetados gerundismos desnecessários ou termos como ""tela"" ou ""café da manhã"". As reescritas são coesas e cumprem o objetivo de tornar o texto mais conciso ou mais profissional, conforme solicitado. A estrutura lógica dos e-mails e posts de redes sociais é mantida."
Teste C (Reescrita),Q3_K_M,3,"Embora a qualidade da escrita em pt-PT ainda seja boa, começam a surgir falhas na gestão do output. No índice 20, o modelo entra num ciclo de repetição, gerando várias versões do mesmo texto (""Texto Revisto"", ""Texto Revisto Mais Conciso"") dentro da mesma resposta. No índice 48, também apresenta repetições anómalas no final do texto. Embora o conteúdo linguístico seja correto, estas falhas estruturais prejudicam a completude e a utilidade da resposta."
Teste C (Reescrita),Q2_K,1,"O desempenho é muito fraco. O modelo apresenta falhas graves de coesão e precisão. No índice 14, gera ""gibberish"" e palavras inexistentes (""CAMPÂÂÂÂNÂÂ""). No índice 15, utiliza o termo inventado ""enraçar"". Além disso, o modelo sofre de problemas graves de repetição infinita (loops) em vários índices (ex: 3, 48), tornando as respostas confusas e, em alguns casos, ilegíveis. A fidelidade à instrução de reescrita é comprometida pela instabilidade do modelo."